name,aadhaar
Amit Sharma,814726395028
Priya Verma,639285017462
Rohit Singh,507194826350
Neha Gupta,294857361904
Karan Mehta,681395720846
Anjali Iyer,570248619375
Vikram Rao,924873615029
Sneha Kapoor,318695742810
Arjun Malhotra,760418529374
Pooja Nair,849173062581
Rahul Khanna,602794185306
Simran Kaur,173862904751
Nitin Agarwal,490528176349
Riya Chatterjee,856247390615
Suresh Reddy,742961850374
Mehul Jain,619374028561
Divya Bansal,508621937485
Aakash Patel,274195683702
Kavita Joshi,935748216039
Manish Tiwari,681942305718
Sanjay Mishra,094752683941
Alok Srivastava,761835492706
Pallavi Deshmukh,853209471685
Deepak Yadav,109642857319
Shweta Kulkarni,462718950364
Ramesh Iyer,938106572849
Tanvi Kulkarni,574028361957
Abhishek Saxena,609274835160
Monika Arora,871364950278
Harsh Vardhan,284961507348
Payal Sinha,390618572904
Gaurav Bhatia,728549613027
Shruti Pandey,561902874635
Aman Choudhary,047381629574
Ritu Malhotra,692845103768
Sachin Kulkarni,135974820563
Nisha Goel,708463951284
Prateek Jain,982163570492
Komal Aggarwal,316742859061
Ashish Chauhan,450861973205
Sunita Verma,284709561834
Mohit Bansal,639172840596
Rekha Nair,917402856193
Ankur Saxena,570819462305
Seema Arora,826395174028
Kunal Goyal,439817206594
Pankaj Tripathi,702548961830
Isha Malhotra,965183274509
Varun Kapoor,381640972518
Rakesh Malhotra,840295716384
Meena Joshi,529704618392
Siddharth Jain,610384927451
Bhavya Shah,294718365029
Naveen Kumar,781629045318
Swati Kulkarni,630195847216
Pranav Desai,925710468392
Ishita Sengupta,318624957810
Yogesh Patil,760549183627
Aditi Rao,849206375918
Tarun Mehra,602781459370
Kirti Bansal,173894620578
Saurabh Verma,490572183964
Nandini Bose,856204739581
Kishore Naidu,742918560374
Harpreet Singh,619385740926
Rupal Mehta,508672139845
Vishal Patel,274981563702
Ankita Ghosh,935720468319
Rohit Kulkarni,681294735806
Sameer Khan,094783562419
Juhi Agrawal,761842509637
Ketan Joshi,853419720568
Dinesh Rawat,109684257930
Aparna Menon,462793581064
Anil Nair,938150762894
Ritu Chawla,574063829157
Manoj Tiwari,609218745036
Pooja Arora,871394650278
Akash Saxena,284957160348
Shalini Mathur,390672518904
Nikhil Arora,728561490327
Rashmi Mishra,561932804675
Hemant Yadav,047389162574
Sonal Gupta,692804513768
Kiran Pawar,135978420563
Preeti Malhotra,708493651284
Rajat Jain,982176530492
Namrata Singhal,316794258061
Vivek Chandra,450893617205
Anita Saxena,794720385461
Ravi Bansal,681250947362
Shobha Iyer,920736451804
Amitabh Roy,538914720685
Anusha Pillai,164390582741
Devendra Singh,872145609384
Smriti Kapoor,395672814906
Sandeep Nanda,680974523819
Mohini Kulkarni,917126384570
